{
  "2025-07-01": {
    "open": 207.93499755859375,
    "high": 208.02000427246094,
    "low": 207.6999969482422,
    "close": 207.86000061035156,
    "volume": 870662
  }
}
